{
    "K": [
        [
            515.7351655642084,
            0.0,
            672.5002496549419
        ],
        [
            0.0,
            515.8366141054288, 
            404.38887082471933
        ],
        [
            0.0,
            0.0,
            1.0
        ]
    ],
    "resolution": [
        800,
        1280
    ]
}