{
  "task_name": "near_right_origin",
  "input_path": "near_right_origin/outputs/object_data.json",
  "label": "object",
  "valid_count": 20,
  "failed_or_skipped_count": 0,
  "parameters": {
    "unit": "m",
    "eps_mm": 80.0,
    "min_samples": 2,
    "rot_weight": 10.0,
    "distance": "dt_mm + rot_weight * theta_deg"
  },
  "clustering_performed": true,
  "main_cluster": {
    "main_cluster_id": 0,
    "main_cluster_count": 11,
    "main_cluster_ratio": 0.55,
    "main_cluster_translation_error_mean_mm": 46.175824096103455,
    "main_cluster_translation_error_max_mm": 83.80774238489215,
    "main_cluster_rotation_error_mean_deg": 2.0209892889135204,
    "main_cluster_rotation_error_max_deg": 3.1330879450405322
  },
  "clusters": [
    {
      "cluster_id": 0,
      "count": 11,
      "image_names": [
        "000000.jpg",
        "000001.jpg",
        "000002.jpg",
        "000006.jpg",
        "000007.jpg",
        "000008.jpg",
        "000010.jpg",
        "000013.jpg",
        "000014.jpg",
        "000016.jpg",
        "000019.jpg"
      ],
      "translation": {
        "mean_mm": [
          -56.90419468406947,
          -72.05369272692637,
          1598.2447754253042
        ],
        "std_mm": [
          42.38317235371683,
          28.108816562147883,
          9.36729944725706
        ],
        "min_mm": [
          -138.97791504859924,
          -111.37068271636963,
          1581.1551809310913
        ],
        "max_mm": [
          16.643881797790527,
          -29.02197651565075,
          1611.8049621582031
        ],
        "range_mm": [
          155.62179684638977,
          82.34870620071888,
          30.649781227111816
        ]
      },
      "z": {
        "mean_mm": 1598.2447754253042,
        "std_mm": 9.36729944725706,
        "range_mm": 30.649781227111816
      },
      "rotation": {
        "mean_quaternion": [
          0.8174172732158845,
          -0.43408114921796775,
          0.3766518222722075,
          0.03919135262965295
        ],
        "error_deg": {
          "mean": 2.0209892889135204,
          "std": 0.8218541037099419,
          "max": 3.1330879450405322
        }
      },
      "translation_error_to_mean_mm": {
        "mean": 46.175824096103455,
        "std": 23.280430306797168,
        "max": 83.80774238489215
      }
    },
    {
      "cluster_id": 1,
      "count": 3,
      "image_names": [
        "000003.jpg",
        "000015.jpg",
        "000017.jpg"
      ],
      "translation": {
        "mean_mm": [
          -443.8527524471283,
          -422.7282206217448,
          1559.373418490092
        ],
        "std_mm": [
          8.058677576138155,
          3.565381054352402,
          1.8926940587941148
        ],
        "min_mm": [
          -451.3551890850067,
          -427.7670085430145,
          1557.9780340194702
        ],
        "max_mm": [
          -432.6719641685486,
          -420.04796862602234,
          1562.0492696762085
        ],
        "range_mm": [
          18.68322491645813,
          7.7190399169921875,
          4.071235656738281
        ]
      },
      "z": {
        "mean_mm": 1559.373418490092,
        "std_mm": 1.8926940587941148,
        "range_mm": 4.071235656738281
      },
      "rotation": {
        "mean_quaternion": [
          0.4820515982168831,
          0.6515018276947415,
          0.39536547168854347,
          -0.4322704812538735
        ],
        "error_deg": {
          "mean": 1.3829193749055289,
          "std": 0.4163555015542699,
          "max": 1.9257477150696287
        }
      },
      "translation_error_to_mean_mm": {
        "mean": 8.465990237912425,
        "std": 3.0924951787598687,
        "max": 12.330409776461174
      }
    },
    {
      "cluster_id": 2,
      "count": 2,
      "image_names": [
        "000004.jpg",
        "000005.jpg"
      ],
      "translation": {
        "mean_mm": [
          -557.5433969497681,
          -579.7654688358307,
          1652.1800756454468
        ],
        "std_mm": [
          15.832781791687012,
          3.0084550380706787,
          0.7688999176025391
        ],
        "min_mm": [
          -573.3761787414551,
          -582.7739238739014,
          1651.4111757278442
        ],
        "max_mm": [
          -541.710615158081,
          -576.75701379776,
          1652.9489755630493
        ],
        "range_mm": [
          31.665563583374023,
          6.016910076141357,
          1.5377998352050781
        ]
      },
      "z": {
        "mean_mm": 1652.1800756454468,
        "std_mm": 0.7688999176025391,
        "range_mm": 1.5377998352050781
      },
      "rotation": {
        "mean_quaternion": [
          0.5540020236561535,
          0.19172798836042454,
          -0.40220051823039116,
          0.7032473813668676
        ],
        "error_deg": {
          "mean": 0.21279277227246138,
          "std": 0.0,
          "max": 0.21279277227246138
        }
      },
      "translation_error_to_mean_mm": {
        "mean": 16.134403864492725,
        "std": 0.0,
        "max": 16.134403864492725
      }
    }
  ],
  "noise": [
    "000009.jpg",
    "000011.jpg",
    "000012.jpg",
    "000018.jpg"
  ],
  "all_valid_summary": {
    "count": 20,
    "translation": {
      "mean_mm": [
        -208.14676171758038,
        -219.16009029373527,
        1608.531093597412
      ],
      "std_mm": [
        250.6251541540193,
        214.42504464951418,
        44.8442885782597
      ],
      "min_mm": [
        -730.4145693778992,
        -645.2365517616272,
        1557.9780340194702
      ],
      "max_mm": [
        146.43257856369019,
        -29.02197651565075,
        1761.3269090652466
      ],
      "range_mm": [
        876.8471479415894,
        616.2145752459764,
        203.34887504577637
      ]
    },
    "z": {
      "mean_mm": 1608.531093597412,
      "std_mm": 44.844288578259714,
      "range_mm": 203.34887504577637
    },
    "rotation": {
      "mean_quaternion": [
        0.9317839958628509,
        -0.21664829961612467,
        0.2881644785041335,
        0.04246566443305854
      ],
      "error_deg": {
        "mean": 66.92952434265337,
        "std": 49.716247914541945,
        "max": 143.3185158200391
      }
    },
    "translation_error_to_mean_mm": {
      "mean": 306.5507278743611,
      "std": 129.72559163658389,
      "max": 676.2870096164793
    }
  }
}