{
    "K": [
        [
            517.4818617744534,
            0.0,
            632.2078296395938
        ],
        [
            0.0,
            517.5878055859507, 
            391.164307644227
        ],
        [
            0.0,
            0.0,
            1.0
        ]
    ],
    "resolution": [
        800,
        1280
    ]
}