{
  "task_name": "near_left_stereo",
  "input_path": "near_left_stereo/outputs/object_data.json",
  "label": "object",
  "valid_count": 20,
  "failed_or_skipped_count": 0,
  "parameters": {
    "unit": "m",
    "eps_mm": 80.0,
    "min_samples": 2,
    "rot_weight": 10.0,
    "distance": "dt_mm + rot_weight * theta_deg"
  },
  "clustering_performed": true,
  "main_cluster": {
    "main_cluster_id": 1,
    "main_cluster_count": 4,
    "main_cluster_ratio": 0.2,
    "main_cluster_translation_error_mean_mm": 18.62604709756826,
    "main_cluster_translation_error_max_mm": 31.518520615657454,
    "main_cluster_rotation_error_mean_deg": 0.7789544244954582,
    "main_cluster_rotation_error_max_deg": 0.8570413593573553
  },
  "clusters": [
    {
      "cluster_id": 0,
      "count": 2,
      "image_names": [
        "image_rgb_00.png",
        "image_rgb_12.png"
      ],
      "translation": {
        "mean_mm": [
          1105.9268116950989,
          -383.53076577186584,
          1524.511456489563
        ],
        "std_mm": [
          20.94811201095581,
          7.135063409805298,
          22.11296558380127
        ],
        "min_mm": [
          1084.978699684143,
          -390.66582918167114,
          1502.3984909057617
        ],
        "max_mm": [
          1126.8749237060547,
          -376.39570236206055,
          1546.6244220733643
        ],
        "range_mm": [
          41.89622402191162,
          14.270126819610596,
          44.22593116760254
        ]
      },
      "z": {
        "mean_mm": 1524.511456489563,
        "std_mm": 22.11296558380127,
        "range_mm": 44.22593116760254
      },
      "rotation": {
        "mean_quaternion": [
          0.019618756400563778,
          0.44401189393105533,
          0.5184050061100578,
          0.7305647076646146
        ],
        "error_deg": {
          "mean": 0.14028423502041554,
          "std": 1.0392173233074006e-11,
          "max": 0.14028423503080772
        }
      },
      "translation_error_to_mean_mm": {
        "mean": 31.284433406981705,
        "std": 0.0,
        "max": 31.284433406981705
      }
    },
    {
      "cluster_id": 1,
      "count": 4,
      "image_names": [
        "image_rgb_01.png",
        "image_rgb_04.png",
        "image_rgb_13.png",
        "image_rgb_18.png"
      ],
      "translation": {
        "mean_mm": [
          1333.5250318050385,
          -318.69807094335556,
          1817.424088716507
        ],
        "std_mm": [
          7.835581616258734,
          11.6317663216711,
          15.678518431489685
        ],
        "min_mm": [
          1323.994517326355,
          -329.5324742794037,
          1792.9809093475342
        ],
        "max_mm": [
          1345.292091369629,
          -301.23046040534973,
          1833.3001136779785
        ],
        "range_mm": [
          21.297574043273926,
          28.302013874053955,
          40.319204330444336
        ]
      },
      "z": {
        "mean_mm": 1817.424088716507,
        "std_mm": 15.678518431489685,
        "range_mm": 40.319204330444336
      },
      "rotation": {
        "mean_quaternion": [
          0.8009459638317709,
          0.43901862811121634,
          0.17240080520511022,
          -0.36881725767318824
        ],
        "error_deg": {
          "mean": 0.7789544244954582,
          "std": 0.07548243784107811,
          "max": 0.8570413593573553
        }
      },
      "translation_error_to_mean_mm": {
        "mean": 18.62604709756826,
        "std": 9.776535007493434,
        "max": 31.518520615657454
      }
    },
    {
      "cluster_id": 2,
      "count": 3,
      "image_names": [
        "image_rgb_06.png",
        "image_rgb_08.png",
        "image_rgb_11.png"
      ],
      "translation": {
        "mean_mm": [
          102.02714800834656,
          -346.8812108039856,
          1397.803505261739
        ],
        "std_mm": [
          24.91714644455589,
          18.712728851091562,
          9.293470652914781
        ],
        "min_mm": [
          79.1558250784874,
          -369.94990706443787,
          1387.0822191238403
        ],
        "max_mm": [
          136.67860627174377,
          -324.1162896156311,
          1409.7477197647095
        ],
        "range_mm": [
          57.52278119325638,
          45.83361744880676,
          22.66550064086914
        ]
      },
      "z": {
        "mean_mm": 1397.803505261739,
        "std_mm": 9.293470652914781,
        "range_mm": 22.66550064086914
      },
      "rotation": {
        "mean_quaternion": [
          0.02610173714837105,
          0.2492479427139656,
          -0.6976234979623985,
          0.6712046017880094
        ],
        "error_deg": {
          "mean": 1.0515711610433842,
          "std": 0.27919204395677766,
          "max": 1.438629694195056
        }
      },
      "translation_error_to_mean_mm": {
        "mean": 29.760866977425014,
        "std": 13.10304550562655,
        "max": 42.82418911015886
      }
    }
  ],
  "noise": [
    "image_rgb_02.png",
    "image_rgb_03.png",
    "image_rgb_05.png",
    "image_rgb_07.png",
    "image_rgb_09.png",
    "image_rgb_10.png",
    "image_rgb_14.png",
    "image_rgb_15.png",
    "image_rgb_16.png",
    "image_rgb_17.png",
    "image_rgb_19.png"
  ],
  "all_valid_summary": {
    "count": 20,
    "translation": {
      "mean_mm": [
        922.7875765413046,
        -345.0621962547302,
        1623.422133922577
      ],
      "std_mm": [
        541.4417505947816,
        109.31689901803765,
        183.70276170498101
      ],
      "min_mm": [
        -111.85606569051743,
        -724.462628364563,
        1336.5446329116821
      ],
      "max_mm": [
        1499.5594024658203,
        -189.83671069145203,
        1896.2386846542358
      ],
      "range_mm": [
        1611.4154681563377,
        534.625917673111,
        559.6940517425537
      ]
    },
    "z": {
      "mean_mm": 1623.422133922577,
      "std_mm": 183.70276170498101,
      "range_mm": 559.6940517425537
    },
    "rotation": {
      "mean_quaternion": [
        0.6086090342727639,
        0.5512475905847919,
        0.21964805653990965,
        0.5267597825710273
      ],
      "error_deg": {
        "mean": 110.86592444327312,
        "std": 22.00464022283897,
        "max": 150.9147481195361
      }
    },
    "translation_error_to_mean_mm": {
      "mean": 524.8822070231456,
      "std": 251.70364937086282,
      "max": 1106.6311693067944
    }
  }
}