{
  "task_name": "near_right_stereo",
  "input_path": "near_right_stereo/outputs/object_data.json",
  "label": "object",
  "valid_count": 20,
  "failed_or_skipped_count": 0,
  "parameters": {
    "unit": "m",
    "eps_mm": 80.0,
    "min_samples": 2,
    "rot_weight": 10.0,
    "distance": "dt_mm + rot_weight * theta_deg"
  },
  "clustering_performed": true,
  "main_cluster": {
    "main_cluster_id": 0,
    "main_cluster_count": 15,
    "main_cluster_ratio": 0.75,
    "main_cluster_translation_error_mean_mm": 48.21785422977141,
    "main_cluster_translation_error_max_mm": 102.6986686833266,
    "main_cluster_rotation_error_mean_deg": 2.835331050173775,
    "main_cluster_rotation_error_max_deg": 5.82010587155262
  },
  "clusters": [
    {
      "cluster_id": 0,
      "count": 15,
      "image_names": [
        "000000.png",
        "000002.png",
        "000004.png",
        "000005.png",
        "000006.png",
        "000007.png",
        "000008.png",
        "000009.png",
        "000010.png",
        "000011.png",
        "000012.png",
        "000013.png",
        "000014.png",
        "000015.png",
        "000019.png"
      ],
      "translation": {
        "mean_mm": [
          -74.43557097576559,
          -45.61244994401932,
          1607.1094353993733
        ],
        "std_mm": [
          39.631575285059284,
          29.765063625828564,
          16.658476532028267
        ],
        "min_mm": [
          -163.8672649860382,
          -97.64700382947922,
          1586.4955186843872
        ],
        "max_mm": [
          -1.9974431488662958,
          -10.711380280554295,
          1645.0376510620117
        ],
        "range_mm": [
          161.8698218371719,
          86.93562354892492,
          58.54213237762451
        ]
      },
      "z": {
        "mean_mm": 1607.1094353993733,
        "std_mm": 16.65847653202827,
        "range_mm": 58.54213237762451
      },
      "rotation": {
        "mean_quaternion": [
          0.8148331543558032,
          -0.44316987827109794,
          0.3700607936027998,
          0.051984599583126706
        ],
        "error_deg": {
          "mean": 2.835331050173775,
          "std": 1.6282924372884116,
          "max": 5.82010587155262
        }
      },
      "translation_error_to_mean_mm": {
        "mean": 48.21785422977141,
        "std": 20.227806259443852,
        "max": 102.6986686833266
      }
    },
    {
      "cluster_id": 1,
      "count": 3,
      "image_names": [
        "000003.png",
        "000016.png",
        "000017.png"
      ],
      "translation": {
        "mean_mm": [
          -452.75813341140747,
          -426.704873641332,
          1563.1472667058308
        ],
        "std_mm": [
          5.00607632032078,
          5.159987360705857,
          8.43767183057306
        ],
        "min_mm": [
          -456.9990038871765,
          -433.39240550994873,
          1551.4516830444336
        ],
        "max_mm": [
          -445.72827219963074,
          -420.832097530365,
          1571.0448026657104
        ],
        "range_mm": [
          11.270731687545776,
          12.56030797958374,
          19.593119621276855
        ]
      },
      "z": {
        "mean_mm": 1563.1472667058308,
        "std_mm": 8.43767183057306,
        "range_mm": 19.593119621276855
      },
      "rotation": {
        "mean_quaternion": [
          0.47594303259269,
          0.6587976328951948,
          0.39481816538907444,
          -0.4284653135283735
        ],
        "error_deg": {
          "mean": 1.7668260953945705,
          "std": 0.5587760593818385,
          "max": 2.2897402283216177
        }
      },
      "translation_error_to_mean_mm": {
        "mean": 10.855701842429639,
        "std": 2.243727504898158,
        "max": 13.670020218792951
      }
    }
  ],
  "noise": [
    "000001.png",
    "000018.png"
  ],
  "all_valid_summary": {
    "count": 20,
    "translation": {
      "mean_mm": [
        -147.53448899136856,
        -132.81157612800598,
        1601.5547633171082
      ],
      "std_mm": [
        197.6990572874264,
        178.42917866339627,
        24.960495998428343
      ],
      "min_mm": [
        -675.0223636627197,
        -628.2116174697876,
        1551.4516830444336
      ],
      "max_mm": [
        199.1405487060547,
        -10.711380280554295,
        1654.1615724563599
      ],
      "range_mm": [
        874.1629123687744,
        617.5002371892333,
        102.70988941192627
      ]
    },
    "z": {
      "mean_mm": 1601.5547633171082,
      "std_mm": 24.960495998428343,
      "range_mm": 102.70988941192627
    },
    "rotation": {
      "mean_quaternion": [
        0.8739375609351576,
        -0.28764759012002167,
        0.39149927242054505,
        0.01484328733924635
      ],
      "error_deg": {
        "mean": 43.724618901413834,
        "std": 47.577136074109504,
        "max": 146.64299771111882
      }
    },
    "translation_error_to_mean_mm": {
      "mean": 209.60127002940504,
      "std": 166.16926013369405,
      "max": 725.5564314748727
    }
  }
}