{
    "K": [
        [
            258.7409308872226,
            0.0,
            316.1039148197969
        ],
        [
            0.0,
            258.7409308872226,
            195.5821538221135
        ],
        [
            0.0,
            0.0,
            1.0
        ]
    ],
    "resolution": [
        400,
        640
    ]
}