{
  "task_name": "near_left_origin",
  "input_path": "near_left_origin/outputs/object_data.json",
  "label": "object",
  "valid_count": 20,
  "failed_or_skipped_count": 0,
  "parameters": {
    "unit": "m",
    "eps_mm": 80.0,
    "min_samples": 2,
    "rot_weight": 10.0,
    "distance": "dt_mm + rot_weight * theta_deg"
  },
  "clustering_performed": true,
  "main_cluster": {
    "main_cluster_id": 0,
    "main_cluster_count": 5,
    "main_cluster_ratio": 0.25,
    "main_cluster_translation_error_mean_mm": 28.0504988315842,
    "main_cluster_translation_error_max_mm": 39.2742381732594,
    "main_cluster_rotation_error_mean_deg": 1.161720083602367,
    "main_cluster_rotation_error_max_deg": 1.8169341926332485
  },
  "clusters": [
    {
      "cluster_id": 0,
      "count": 5,
      "image_names": [
        "000001.jpg",
        "000013.jpg",
        "000017.jpg",
        "000018.jpg",
        "000019.jpg"
      ],
      "translation": {
        "mean_mm": [
          1436.4611625671387,
          -212.08154261112213,
          1821.9147205352783
        ],
        "std_mm": [
          22.65051231514216,
          17.645627625379177,
          9.418253650079484
        ],
        "min_mm": [
          1404.8020839691162,
          -243.96675825119019,
          1806.5589666366577
        ],
        "max_mm": [
          1469.8880910873413,
          -191.65943562984467,
          1832.2250843048096
        ],
        "range_mm": [
          65.0860071182251,
          52.30732262134552,
          25.666117668151855
        ]
      },
      "z": {
        "mean_mm": 1821.9147205352783,
        "std_mm": 9.418253650079484,
        "range_mm": 25.666117668151855
      },
      "rotation": {
        "mean_quaternion": [
          0.7955014602310957,
          0.4494414565895789,
          0.16937521778574668,
          -0.3694480199823286
        ],
        "error_deg": {
          "mean": 1.161720083602367,
          "std": 0.4009122076232184,
          "max": 1.8169341926332485
        }
      },
      "translation_error_to_mean_mm": {
        "mean": 28.0504988315842,
        "std": 11.237744415516858,
        "max": 39.2742381732594
      }
    },
    {
      "cluster_id": 1,
      "count": 2,
      "image_names": [
        "000002.jpg",
        "000004.jpg"
      ],
      "translation": {
        "mean_mm": [
          -308.38142335414886,
          -338.6414647102356,
          1736.789345741272
        ],
        "std_mm": [
          23.412808775901794,
          17.547011375427246,
          5.13458251953125
        ],
        "min_mm": [
          -331.79423213005066,
          -356.18847608566284,
          1731.6547632217407
        ],
        "max_mm": [
          -284.96861457824707,
          -321.09445333480835,
          1741.9239282608032
        ],
        "range_mm": [
          46.82561755180359,
          35.09402275085449,
          10.2691650390625
        ]
      },
      "z": {
        "mean_mm": 1736.789345741272,
        "std_mm": 5.13458251953125,
        "range_mm": 10.2691650390625
      },
      "rotation": {
        "mean_quaternion": [
          -0.07208928482323976,
          -0.4341545667870919,
          0.7393892318361455,
          -0.5095257706891193
        ],
        "error_deg": {
          "mean": 0.6460141677822185,
          "std": 1.1283196599265466e-12,
          "max": 0.6460141677833469
        }
      },
      "translation_error_to_mean_mm": {
        "mean": 29.70557457172295,
        "std": 0.0,
        "max": 29.70557457172295
      }
    },
    {
      "cluster_id": 2,
      "count": 2,
      "image_names": [
        "000006.jpg",
        "000014.jpg"
      ],
      "translation": {
        "mean_mm": [
          87.75341138243675,
          -367.74277687072754,
          1401.6737341880798
        ],
        "std_mm": [
          2.8146468102931976,
          0.91591477394104,
          12.921035289764404
        ],
        "min_mm": [
          84.93876457214355,
          -368.6586916446686,
          1388.7526988983154
        ],
        "max_mm": [
          90.56805819272995,
          -366.8268620967865,
          1414.5947694778442
        ],
        "range_mm": [
          5.629293620586395,
          1.83182954788208,
          25.84207057952881
        ]
      },
      "z": {
        "mean_mm": 1401.6737341880798,
        "std_mm": 12.921035289764404,
        "range_mm": 25.84207057952881
      },
      "rotation": {
        "mean_quaternion": [
          -0.03169074146970924,
          -0.24360746069990122,
          0.6986629218804107,
          -0.6719532897352116
        ],
        "error_deg": {
          "mean": 1.735975801737296,
          "std": 0.0,
          "max": 1.735975801737296
        }
      },
      "translation_error_to_mean_mm": {
        "mean": 13.255726668091578,
        "std": 0.0,
        "max": 13.255726668091578
      }
    },
    {
      "cluster_id": 3,
      "count": 2,
      "image_names": [
        "000011.jpg",
        "000016.jpg"
      ],
      "translation": {
        "mean_mm": [
          167.02301800251007,
          -337.02242374420166,
          1348.9959239959717
        ],
        "std_mm": [
          5.274057388305664,
          15.860676765441895,
          7.391571998596191
        ],
        "min_mm": [
          161.7489606142044,
          -352.88310050964355,
          1341.6043519973755
        ],
        "max_mm": [
          172.29707539081573,
          -321.16174697875977,
          1356.3874959945679
        ],
        "range_mm": [
          10.548114776611328,
          31.72135353088379,
          14.783143997192383
        ]
      },
      "z": {
        "mean_mm": 1348.9959239959717,
        "std_mm": 7.391571998596191,
        "range_mm": 14.783143997192383
      },
      "rotation": {
        "mean_quaternion": [
          0.625006354332244,
          -0.5094810106643964,
          0.27280410206570166,
          0.5247609729322759
        ],
        "error_deg": {
          "mean": 0.27949399854073814,
          "std": 2.6080249071469552e-12,
          "max": 0.27949399854334617
        }
      },
      "translation_error_to_mean_mm": {
        "mean": 18.275997521432345,
        "std": 0.0,
        "max": 18.275997521432345
      }
    }
  ],
  "noise": [
    "000000.jpg",
    "000003.jpg",
    "000005.jpg",
    "000007.jpg",
    "000008.jpg",
    "000009.jpg",
    "000010.jpg",
    "000012.jpg",
    "000015.jpg"
  ],
  "all_valid_summary": {
    "count": 20,
    "translation": {
      "mean_mm": [
        746.4734312146902,
        -344.85812708735466,
        1669.0770268440247
      ],
      "std_mm": [
        690.3951943213359,
        139.10283327505692,
        190.93845820853133
      ],
      "min_mm": [
        -331.79423213005066,
        -732.4000000953674,
        1341.6043519973755
      ],
      "max_mm": [
        1469.8880910873413,
        -191.65943562984467,
        1886.1026763916016
      ],
      "range_mm": [
        1801.682323217392,
        540.7405644655228,
        544.4983243942261
      ]
    },
    "z": {
      "mean_mm": 1669.0770268440247,
      "std_mm": 190.93845820853133,
      "range_mm": 544.4983243942261
    },
    "rotation": {
      "mean_quaternion": [
        0.7712042435481085,
        0.4110239165361786,
        0.39032875043050674,
        -0.28973577852244886
      ],
      "error_deg": {
        "mean": 99.3288321448963,
        "std": 65.60354210849626,
        "max": 179.16632153700783
      }
    },
    "translation_error_to_mean_mm": {
      "mean": 705.8555546277731,
      "std": 184.98798174831026,
      "max": 1080.3433894347222
    }
  }
}