{
    "K": [
        [
            257.8675827821042,
            0.0,
            336.25012482747095
        ],
        [
            0.0,
            257.9183070527144, 
            202.19443541235966
        ],
        [
            0.0,
            0.0,
            1.0
        ]
    ],
    "resolution": [
        400,
        640
    ]
}